{"products":[{"id":"0.34965240352062854","qty":1}],"totalPrice":19.990000000000002}